,Mean,Median,Std
model_checkpoint_bc_4150.pth,0.5117686764252046,0.527170559544205,0.1274395019568907
model_checkpoint_bc_4250.pth,0.5109352074325573,0.5250024599811209,0.127469496943653
model_checkpoint_bc_4350.pth,0.5038032005808346,0.516660685031892,0.12690066339074427
model_checkpoint_bc_5350.pth,0.5115115663056263,0.5254624862450021,0.12775198970379698
model_checkpoint_bc_5450.pth,0.5114842896316943,0.5255777686760783,0.12782618232036505
