{"stopped_at_batch":5575,"early_stopping":true,"batch":1209,"train_loss":0.9751560071536473,"epoch":3,"_wandb":{"runtime":8524},"eval_train_loss":0.9890812587738037,"_timestamp":1.7382495972427273e+09,"_runtime":8524.543928373,"_step":6519,"learning_rate":1.4286362155108855e-09,"global_batch_index":5575,"letter_sample_rate":0.36614750343563907,"validation_loss":0.9345044925592948}